,체결시간,현재가,거래량,시가,고가,저가
0,20221222153031,90500,2623,90500,90500,90500
1,20221222151941,90300,2,90300,90300,90300
2,20221222151930,90400,7,90400,90400,90400
3,20221222151911,90300,1,90300,90300,90300
4,20221222151832,90400,1,90400,90400,90400
5,20221222151830,90400,1,90400,90400,90400
6,20221222151810,90600,8,90600,90600,90600
7,20221222151808,90600,2,90600,90600,90600
8,20221222151800,90500,1,90500,90500,90500
9,20221222151757,90500,1,90500,90500,90500
10,20221222151757,90400,1,90400,90400,90400
11,20221222151748,90600,2,90600,90600,90600
12,20221222151746,90600,2,90600,90600,90600
13,20221222151746,90600,1,90600,90600,90600
14,20221222151746,90600,1,90600,90600,90600
15,20221222151742,90600,3,90600,90600,90600
16,20221222151740,90600,1,90600,90600,90600
17,20221222151740,90600,1,90600,90600,90600
18,20221222151731,90600,1,90600,90600,90600
19,20221222151730,90600,1,90600,90600,90600
20,20221222151701,90300,6,90300,90300,90300
21,20221222151701,90700,1,90700,90700,90700
22,20221222151701,90700,1,90700,90700,90700
23,20221222151701,90700,3,90700,90700,90700
24,20221222151700,90700,21,90700,90700,90700
25,20221222151700,90700,1,90700,90700,90700
26,20221222151700,90700,1,90700,90700,90700
27,20221222151656,90400,5,90400,90400,90400
28,20221222151655,90400,7,90400,90400,90400
29,20221222151654,90500,9,90500,90500,90500
30,20221222151654,90500,23,90500,90500,90500
31,20221222151654,90500,112,90500,90500,90500
32,20221222151652,90500,6,90500,90500,90500
33,20221222151652,90800,1,90800,90800,90800
34,20221222151650,90500,8,90500,90500,90500
35,20221222151649,90500,57,90500,90500,90500
36,20221222151644,90500,31,90500,90500,90500
37,20221222151643,90700,529,90700,90700,90700
38,20221222151643,90700,100,90700,90700,90700
39,20221222151641,90700,6,90700,90700,90700
40,20221222151640,90800,1,90800,90800,90800
41,20221222151640,90700,10,90700,90700,90700
42,20221222151636,90800,4,90800,90800,90800
43,20221222151623,90700,2,90700,90700,90700
44,20221222151622,90800,2,90800,90800,90800
45,20221222151614,90800,5,90800,90800,90800
46,20221222151614,90800,4,90800,90800,90800
47,20221222151614,90700,3,90700,90700,90700
48,20221222151609,90700,7,90700,90700,90700
49,20221222151608,90700,13,90700,90700,90700
50,20221222151607,90800,88,90800,90800,90800
51,20221222151607,90800,48,90800,90800,90800
52,20221222151602,90700,6,90700,90700,90700
53,20221222151601,90800,4,90800,90800,90800
54,20221222151601,90800,1,90800,90800,90800
55,20221222151600,90700,2,90700,90700,90700
56,20221222151600,90700,1,90700,90700,90700
57,20221222151553,90700,3,90700,90700,90700
58,20221222151551,90700,5,90700,90700,90700
59,20221222151542,90800,9,90800,90800,90800
60,20221222151542,90800,5,90800,90800,90800
61,20221222151537,90700,6,90700,90700,90700
62,20221222151537,90800,20,90800,90800,90800
63,20221222151505,90700,3,90700,90700,90700
64,20221222151500,90700,1,90700,90700,90700
65,20221222151451,90800,4,90800,90800,90800
66,20221222151448,90800,2,90800,90800,90800
67,20221222151443,90800,2,90800,90800,90800
68,20221222151443,90800,4,90800,90800,90800
69,20221222151437,90800,1,90800,90800,90800
70,20221222151437,90800,5,90800,90800,90800
71,20221222151429,90800,7,90800,90800,90800
72,20221222151424,90700,6,90700,90700,90700
73,20221222151424,90800,5,90800,90800,90800
74,20221222151424,90800,9,90800,90800,90800
75,20221222151421,90800,1,90800,90800,90800
76,20221222151414,90800,21,90800,90800,90800
77,20221222151413,90700,6,90700,90700,90700
78,20221222151412,90700,10,90700,90700,90700
79,20221222151410,90800,4,90800,90800,90800
80,20221222151357,90700,3,90700,90700,90700
81,20221222151357,90800,5,90800,90800,90800
82,20221222151346,90800,1,90800,90800,90800
83,20221222151342,90800,11,90800,90800,90800
84,20221222151332,90700,6,90700,90700,90700
85,20221222151331,90800,9,90800,90800,90800
86,20221222151329,90800,1,90800,90800,90800
87,20221222151328,90800,1,90800,90800,90800
88,20221222151317,90800,3,90800,90800,90800
89,20221222151310,90800,5,90800,90800,90800
90,20221222151258,90700,4,90700,90700,90700
91,20221222151258,90800,19,90800,90800,90800
92,20221222151258,90800,11,90800,90800,90800
93,20221222151251,90800,20,90800,90800,90800
94,20221222151249,90700,3,90700,90700,90700
95,20221222151246,90700,7,90700,90700,90700
96,20221222151243,90700,5,90700,90700,90700
97,20221222151224,90800,1,90800,90800,90800
98,20221222151223,90800,5,90800,90800,90800
99,20221222151223,90800,9,90800,90800,90800
100,20221222151222,90800,1,90800,90800,90800
101,20221222151210,90700,6,90700,90700,90700
102,20221222151209,90700,12,90700,90700,90700
103,20221222151208,90800,65,90800,90800,90800
104,20221222151208,90800,35,90800,90800,90800
105,20221222151203,90700,6,90700,90700,90700
106,20221222151202,90700,26,90700,90700,90700
107,20221222151202,90800,200,90800,90800,90800
108,20221222151201,90800,1,90800,90800,90800
109,20221222151149,90800,1,90800,90800,90800
110,20221222151149,90700,10,90700,90700,90700
111,20221222151141,90700,3,90700,90700,90700
112,20221222151130,90700,6,90700,90700,90700
113,20221222151129,90700,7,90700,90700,90700
114,20221222151128,90700,59,90700,90700,90700
115,20221222151128,90700,1,90700,90700,90700
116,20221222151128,90800,21,90800,90800,90800
117,20221222151108,90700,8,90700,90700,90700
118,20221222151103,90700,6,90700,90700,90700
119,20221222151102,90700,5,90700,90700,90700
120,20221222151100,90800,1,90800,90800,90800
121,20221222151058,90700,3,90700,90700,90700
122,20221222151031,90600,5,90600,90600,90600
123,20221222151030,90700,10,90700,90700,90700
124,20221222151030,90700,27,90700,90700,90700
125,20221222151028,90600,10,90600,90600,90600
126,20221222151019,90600,6,90600,90600,90600
127,20221222151018,90600,22,90600,90600,90600
128,20221222151018,90600,5,90600,90600,90600
129,20221222151017,90600,22,90600,90600,90600
130,20221222151014,90700,23,90700,90700,90700
131,20221222151008,90700,1,90700,90700,90700
132,20221222151005,90600,5,90600,90600,90600
133,20221222151005,90800,21,90800,90800,90800
134,20221222151004,90600,3,90600,90600,90600
135,20221222151001,90700,7,90700,90700,90700
136,20221222151001,90700,6,90700,90700,90700
137,20221222151001,90700,17,90700,90700,90700
138,20221222151000,90700,5,90700,90700,90700
139,20221222151000,90700,8,90700,90700,90700
140,20221222151000,90700,22,90700,90700,90700
141,20221222150959,90600,6,90600,90600,90600
142,20221222150959,90600,4,90600,90600,90600
143,20221222150957,90800,1,90800,90800,90800
144,20221222150956,90800,1,90800,90800,90800
145,20221222150956,90600,1,90600,90600,90600
146,20221222150954,90600,22,90600,90600,90600
147,20221222150953,90600,5,90600,90600,90600
148,20221222150950,90600,1,90600,90600,90600
149,20221222150949,90600,1,90600,90600,90600
150,20221222150948,90600,2,90600,90600,90600
151,20221222150947,90600,6,90600,90600,90600
152,20221222150947,90600,24,90600,90600,90600
153,20221222150946,90600,5,90600,90600,90600
154,20221222150946,90700,8,90700,90700,90700
155,20221222150945,90600,6,90600,90600,90600
156,20221222150945,90700,63,90700,90700,90700
157,20221222150943,90700,6,90700,90700,90700
158,20221222150942,90700,10,90700,90700,90700
159,20221222150941,90700,3,90700,90700,90700
160,20221222150941,90700,100,90700,90700,90700
161,20221222150935,90700,11,90700,90700,90700
162,20221222150934,90800,3,90800,90800,90800
163,20221222150934,90700,5,90700,90700,90700
164,20221222150929,90700,3,90700,90700,90700
165,20221222150929,90700,37,90700,90700,90700
166,20221222150927,90700,7,90700,90700,90700
167,20221222150927,90600,4,90600,90600,90600
168,20221222150927,90600,6,90600,90600,90600
169,20221222150925,90700,5,90700,90700,90700
170,20221222150925,90700,1,90700,90700,90700
171,20221222150924,90600,3,90600,90600,90600
172,20221222150918,90700,1,90700,90700,90700
173,20221222150918,90600,6,90600,90600,90600
174,20221222150917,90600,4,90600,90600,90600
175,20221222150917,90700,19,90700,90700,90700
176,20221222150917,90700,11,90700,90700,90700
177,20221222150916,90600,1,90600,90600,90600
178,20221222150908,90600,5,90600,90600,90600
179,20221222150907,90700,9,90700,90700,90700
180,20221222150902,90600,1,90600,90600,90600
181,20221222150900,90600,6,90600,90600,90600
182,20221222150900,90600,5,90600,90600,90600
183,20221222150859,90700,25,90700,90700,90700
184,20221222150855,90700,5,90700,90700,90700
185,20221222150851,90600,7,90600,90600,90600
186,20221222150850,90700,17,90700,90700,90700
187,20221222150850,90700,28,90700,90700,90700
188,20221222150849,90700,1,90700,90700,90700
189,20221222150847,90700,6,90700,90700,90700
190,20221222150846,90700,10,90700,90700,90700
191,20221222150845,90700,11,90700,90700,90700
192,20221222150845,90700,59,90700,90700,90700
193,20221222150844,90700,10,90700,90700,90700
194,20221222150843,90700,1,90700,90700,90700
195,20221222150842,90800,20,90800,90800,90800
196,20221222150840,90600,23,90600,90600,90600
197,20221222150839,90700,23,90700,90700,90700
198,20221222150838,90700,469,90700,90700,90700
199,20221222150838,90700,31,90700,90700,90700
200,20221222150838,90700,1,90700,90700,90700
201,20221222150838,90700,10,90700,90700,90700
202,20221222150838,90700,27,90700,90700,90700
203,20221222150838,90700,2,90700,90700,90700
204,20221222150837,90700,124,90700,90700,90700
205,20221222150837,90600,5,90600,90600,90600
206,20221222150837,90700,19,90700,90700,90700
207,20221222150837,90700,11,90700,90700,90700
208,20221222150822,90700,1,90700,90700,90700
209,20221222150817,90600,22,90600,90600,90600
210,20221222150817,90600,5,90600,90600,90600
211,20221222150816,90600,6,90600,90600,90600
212,20221222150816,90600,3,90600,90600,90600
213,20221222150815,90700,5,90700,90700,90700
214,20221222150815,90700,9,90700,90700,90700
215,20221222150806,90600,5,90600,90600,90600
216,20221222150806,90600,23,90600,90600,90600
217,20221222150757,90600,1,90600,90600,90600
218,20221222150748,90700,1,90700,90700,90700
219,20221222150743,90700,8,90700,90700,90700
220,20221222150743,90700,4,90700,90700,90700
221,20221222150730,90700,4,90700,90700,90700
222,20221222150730,90600,1,90600,90600,90600
223,20221222150722,90700,1,90700,90700,90700
224,20221222150719,90700,21,90700,90700,90700
225,20221222150716,90600,16,90600,90600,90600
226,20221222150716,90500,18,90500,90500,90500
227,20221222150716,90600,321,90600,90600,90600
228,20221222150716,90600,178,90600,90600,90600
229,20221222150716,90600,2,90600,90600,90600
230,20221222150715,90600,2,90600,90600,90600
231,20221222150712,90500,1,90500,90500,90500
232,20221222150712,90500,10,90500,90500,90500
233,20221222150708,90500,3,90500,90500,90500
234,20221222150704,90500,4,90500,90500,90500
235,20221222150704,90600,1,90600,90600,90600
236,20221222150654,90600,5,90600,90600,90600
237,20221222150651,90600,6,90600,90600,90600
238,20221222150647,90600,1,90600,90600,90600
239,20221222150626,90600,1,90600,90600,90600
240,20221222150625,90500,6,90500,90500,90500
241,20221222150625,90600,1,90600,90600,90600
242,20221222150621,90500,21,90500,90500,90500
243,20221222150600,90500,3,90500,90500,90500
244,20221222150556,90600,21,90600,90600,90600
245,20221222150551,90500,10,90500,90500,90500
246,20221222150551,90600,2,90600,90600,90600
247,20221222150547,90500,8,90500,90500,90500
248,20221222150534,90400,1,90400,90400,90400
249,20221222150513,90500,10,90500,90500,90500
250,20221222150507,90500,19,90500,90500,90500
251,20221222150507,90500,11,90500,90500,90500
252,20221222150505,90500,1,90500,90500,90500
253,20221222150455,90500,1,90500,90500,90500
254,20221222150451,90400,3,90400,90400,90400
255,20221222150448,90500,3,90500,90500,90500
256,20221222150448,90500,2,90500,90500,90500
257,20221222150440,90400,4,90400,90400,90400
258,20221222150440,90400,4,90400,90400,90400
259,20221222150440,90500,5,90500,90500,90500
260,20221222150438,90400,1,90400,90400,90400
261,20221222150433,90500,21,90500,90500,90500
262,20221222150429,90500,1,90500,90500,90500
263,20221222150422,90500,1,90500,90500,90500
264,20221222150419,90500,2,90500,90500,90500
265,20221222150416,90500,1,90500,90500,90500
266,20221222150412,90500,9,90500,90500,90500
267,20221222150412,90500,5,90500,90500,90500
268,20221222150411,90500,1,90500,90500,90500
269,20221222150358,90500,31,90500,90500,90500
270,20221222150358,90500,1,90500,90500,90500
271,20221222150354,90500,11,90500,90500,90500
272,20221222150353,90500,1,90500,90500,90500
273,20221222150347,90500,3,90500,90500,90500
274,20221222150343,90400,3,90400,90400,90400
275,20221222150333,90500,17,90500,90500,90500
276,20221222150331,90500,10,90500,90500,90500
277,20221222150327,90600,1,90600,90600,90600
278,20221222150327,90600,5,90600,90600,90600
279,20221222150316,90500,20,90500,90500,90500
280,20221222150315,90600,1,90600,90600,90600
281,20221222150313,90600,8,90600,90600,90600
282,20221222150313,90600,1,90600,90600,90600
283,20221222150310,90600,20,90600,90600,90600
284,20221222150302,90600,1,90600,90600,90600
285,20221222150257,90500,3,90500,90500,90500
286,20221222150255,90600,1,90600,90600,90600
287,20221222150255,90500,5,90500,90500,90500
288,20221222150255,90500,20,90500,90500,90500
289,20221222150254,90600,1,90600,90600,90600
290,20221222150240,90500,1,90500,90500,90500
291,20221222150240,90500,7,90500,90500,90500
292,20221222150240,90500,21,90500,90500,90500
293,20221222150238,90500,3,90500,90500,90500
294,20221222150230,90500,98,90500,90500,90500
295,20221222150230,90500,30,90500,90500,90500
296,20221222150227,90500,31,90500,90500,90500
297,20221222150223,90500,10,90500,90500,90500
298,20221222150222,90500,27,90500,90500,90500
299,20221222150222,90500,44,90500,90500,90500
300,20221222150222,90500,12,90500,90500,90500
301,20221222150222,90500,19,90500,90500,90500
302,20221222150218,90500,3,90500,90500,90500
303,20221222150217,90400,52,90400,90400,90400
304,20221222150208,90400,3,90400,90400,90400
305,20221222150208,90400,1,90400,90400,90400
306,20221222150203,90400,3,90400,90400,90400
307,20221222150152,90400,3,90400,90400,90400
308,20221222150150,90400,4,90400,90400,90400
309,20221222150147,90400,21,90400,90400,90400
310,20221222150145,90400,1,90400,90400,90400
311,20221222150142,90400,3,90400,90400,90400
312,20221222150135,90400,2,90400,90400,90400
313,20221222150134,90300,1,90300,90300,90300
314,20221222150133,90300,21,90300,90300,90300
315,20221222150133,90300,65,90300,90300,90300
316,20221222150133,90300,35,90300,90300,90300
317,20221222150133,90300,1,90300,90300,90300
318,20221222150127,90200,3,90200,90200,90200
319,20221222150126,90200,64,90200,90200,90200
320,20221222150126,90100,32,90100,90100,90100
321,20221222150126,90000,242,90000,90000,90000
322,20221222150126,90000,65,90000,90000,90000
323,20221222150126,90000,35,90000,90000,90000
324,20221222150122,90000,2,90000,90000,90000
325,20221222150120,90000,3,90000,90000,90000
326,20221222150108,90000,3,90000,90000,90000
327,20221222150103,90000,8,90000,90000,90000
328,20221222150103,90000,8,90000,90000,90000
329,20221222150103,90000,8,90000,90000,90000
330,20221222150103,90000,8,90000,90000,90000
331,20221222150058,90000,8,90000,90000,90000
332,20221222150058,90000,3,90000,90000,90000
333,20221222150056,90000,30,90000,90000,90000
334,20221222150055,90000,8,90000,90000,90000
335,20221222150055,90000,8,90000,90000,90000
336,20221222150055,90000,8,90000,90000,90000
337,20221222150055,90000,8,90000,90000,90000
338,20221222150055,90000,8,90000,90000,90000
339,20221222150055,90000,8,90000,90000,90000
340,20221222150055,90000,8,90000,90000,90000
341,20221222150055,90000,8,90000,90000,90000
342,20221222150048,90000,1,90000,90000,90000
343,20221222150047,90000,8,90000,90000,90000
344,20221222150047,90000,8,90000,90000,90000
345,20221222150047,90000,8,90000,90000,90000
346,20221222150046,90000,8,90000,90000,90000
347,20221222150046,90000,8,90000,90000,90000
348,20221222150046,90000,8,90000,90000,90000
349,20221222150044,90000,3,90000,90000,90000
350,20221222150033,90000,2,90000,90000,90000
351,20221222150024,90000,21,90000,90000,90000
352,20221222150023,90000,2,90000,90000,90000
353,20221222150022,90000,1,90000,90000,90000
354,20221222150019,89900,3,89900,89900,89900
355,20221222150016,90000,2,90000,90000,90000
356,20221222150009,90000,1,90000,90000,90000
357,20221222150007,90000,2,90000,90000,90000
358,20221222150005,89900,1,89900,89900,89900
359,20221222150000,89900,1,89900,89900,89900
360,20221222145959,90000,2,90000,90000,90000
361,20221222145957,90000,5,90000,90000,90000
362,20221222145952,90000,2,90000,90000,90000
363,20221222145950,89900,1,89900,89900,89900
364,20221222145943,90000,2,90000,90000,90000
365,20221222145935,90000,2,90000,90000,90000
366,20221222145932,89900,5,89900,89900,89900
367,20221222145932,89900,5,89900,89900,89900
368,20221222145930,89900,5,89900,89900,89900
369,20221222145928,89900,1,89900,89900,89900
370,20221222145928,90000,2,90000,90000,90000
371,20221222145924,89900,1,89900,89900,89900
372,20221222145924,90000,10,90000,90000,90000
373,20221222145923,89900,5,89900,89900,89900
374,20221222145923,90000,1,90000,90000,90000
375,20221222145923,90000,1,90000,90000,90000
376,20221222145920,89900,1,89900,89900,89900
377,20221222145920,89900,1,89900,89900,89900
378,20221222145920,90000,2,90000,90000,90000
379,20221222145914,90000,1,90000,90000,90000
380,20221222145912,90000,2,90000,90000,90000
381,20221222145910,89900,1,89900,89900,89900
382,20221222145910,89900,3,89900,89900,89900
383,20221222145903,90000,2,90000,90000,90000
384,20221222145901,90000,20,90000,90000,90000
385,20221222145900,89900,1,89900,89900,89900
386,20221222145857,89900,1,89900,89900,89900
387,20221222145857,90000,3,90000,90000,90000
388,20221222145837,90000,1,90000,90000,90000
389,20221222145837,89900,1,89900,89900,89900
390,20221222145826,90000,2,90000,90000,90000
391,20221222145825,90000,3,90000,90000,90000
392,20221222145821,89900,26,89900,89900,89900
393,20221222145821,89900,475,89900,89900,89900
394,20221222145821,89900,3,89900,89900,89900
395,20221222145821,89800,1,89800,89800,89800
396,20221222145815,89900,7,89900,89900,89900
397,20221222145809,89900,3,89900,89900,89900
398,20221222145805,89800,2,89800,89800,89800
399,20221222145804,89900,1,89900,89900,89900
400,20221222145802,89800,3,89800,89800,89800
401,20221222145800,89800,1,89800,89800,89800
402,20221222145759,89900,1,89900,89900,89900
403,20221222145756,89900,4,89900,89900,89900
404,20221222145743,89800,1,89800,89800,89800
405,20221222145741,89900,3,89900,89900,89900
406,20221222145738,89900,21,89900,89900,89900
407,20221222145731,89800,4,89800,89800,89800
408,20221222145729,89800,5,89800,89800,89800
409,20221222145715,89900,4,89900,89900,89900
410,20221222145704,89800,1,89800,89800,89800
411,20221222145654,89800,3,89800,89800,89800
412,20221222145653,89900,1,89900,89900,89900
413,20221222145643,89900,11,89900,89900,89900
414,20221222145642,89900,1,89900,89900,89900
415,20221222145630,89800,5,89800,89800,89800
416,20221222145626,89800,1,89800,89800,89800
417,20221222145622,89900,1,89900,89900,89900
418,20221222145621,89900,10,89900,89900,89900
419,20221222145619,89800,1,89800,89800,89800
420,20221222145615,89900,21,89900,89900,89900
421,20221222145610,89900,5,89900,89900,89900
422,20221222145606,89800,4,89800,89800,89800
423,20221222145605,89800,5,89800,89800,89800
424,20221222145605,89800,5,89800,89800,89800
425,20221222145552,89900,1,89900,89900,89900
426,20221222145551,89900,1,89900,89900,89900
427,20221222145547,89800,1,89800,89800,89800
428,20221222145546,89800,3,89800,89800,89800
429,20221222145529,89900,2,89900,89900,89900
430,20221222145520,89800,4,89800,89800,89800
431,20221222145516,89900,8,89900,89900,89900
432,20221222145512,89800,1,89800,89800,89800
433,20221222145510,89900,8,89900,89900,89900
434,20221222145510,89900,8,89900,89900,89900
435,20221222145510,89900,8,89900,89900,89900
436,20221222145510,89900,8,89900,89900,89900
437,20221222145510,89900,8,89900,89900,89900
438,20221222145509,89800,7,89800,89800,89800
439,20221222145509,89800,1,89800,89800,89800
440,20221222145505,89900,2,89900,89900,89900
441,20221222145458,89900,2,89900,89900,89900
442,20221222145453,89800,1,89800,89800,89800
443,20221222145452,89900,21,89900,89900,89900
444,20221222145447,89900,2,89900,89900,89900
445,20221222145442,89900,3,89900,89900,89900
446,20221222145440,89900,2,89900,89900,89900
447,20221222145438,89800,4,89800,89800,89800
448,20221222145434,89900,2,89900,89900,89900
449,20221222145433,89900,4,89900,89900,89900
450,20221222145430,89800,1,89800,89800,89800
451,20221222145423,89900,2,89900,89900,89900
452,20221222145418,89800,1,89800,89800,89800
453,20221222145417,89900,2,89900,89900,89900
454,20221222145413,89800,4,89800,89800,89800
455,20221222145411,89900,1,89900,89900,89900
456,20221222145410,89900,2,89900,89900,89900
457,20221222145401,89900,1,89900,89900,89900
458,20221222145359,89900,4,89900,89900,89900
459,20221222145351,89800,1,89800,89800,89800
460,20221222145346,89900,3,89900,89900,89900
461,20221222145333,89900,3,89900,89900,89900
462,20221222145329,89800,3,89800,89800,89800
463,20221222145328,89900,20,89900,89900,89900
464,20221222145328,89900,6,89900,89900,89900
465,20221222145326,89900,1,89900,89900,89900
466,20221222145320,89900,4,89900,89900,89900
467,20221222145320,89900,1,89900,89900,89900
468,20221222145319,89900,3,89900,89900,89900
469,20221222145313,89800,1,89800,89800,89800
470,20221222145310,89800,4,89800,89800,89800
471,20221222145309,89900,3,89900,89900,89900
472,20221222145304,89800,1,89800,89800,89800
473,20221222145259,89900,3,89900,89900,89900
474,20221222145245,89900,3,89900,89900,89900
475,20221222145242,89800,4,89800,89800,89800
476,20221222145239,89800,5,89800,89800,89800
477,20221222145239,89800,5,89800,89800,89800
478,20221222145234,89800,1,89800,89800,89800
479,20221222145233,89900,2,89900,89900,89900
480,20221222145231,89900,3,89900,89900,89900
481,20221222145230,89900,1,89900,89900,89900
482,20221222145229,89900,7,89900,89900,89900
483,20221222145221,89900,1,89900,89900,89900
484,20221222145221,89900,1,89900,89900,89900
485,20221222145221,89800,3,89800,89800,89800
486,20221222145220,89900,1,89900,89900,89900
487,20221222145220,89900,3,89900,89900,89900
488,20221222145207,89800,4,89800,89800,89800
489,20221222145207,89900,4,89900,89900,89900
490,20221222145205,89900,21,89900,89900,89900
491,20221222145156,89800,1,89800,89800,89800
492,20221222145154,89900,1,89900,89900,89900
493,20221222145151,89900,3,89900,89900,89900
494,20221222145151,89900,4,89900,89900,89900
495,20221222145140,89900,1,89900,89900,89900
496,20221222145138,89900,4,89900,89900,89900
497,20221222145128,89900,1,89900,89900,89900
498,20221222145123,89900,3,89900,89900,89900
499,20221222145117,89800,1,89800,89800,89800
500,20221222145113,89800,3,89800,89800,89800
501,20221222145111,89900,3,89900,89900,89900
502,20221222145103,89800,1,89800,89800,89800
503,20221222145059,89900,3,89900,89900,89900
504,20221222145059,89900,3,89900,89900,89900
505,20221222145047,89900,3,89900,89900,89900
506,20221222145042,89900,1,89900,89900,89900
507,20221222145042,89900,21,89900,89900,89900
508,20221222145039,89800,1,89800,89800,89800
509,20221222145036,89900,3,89900,89900,89900
510,20221222145030,89900,4,89900,89900,89900
511,20221222145022,89900,3,89900,89900,89900
512,20221222145012,89900,3,89900,89900,89900
513,20221222145005,89800,3,89800,89800,89800
514,20221222145002,89900,3,89900,89900,89900
515,20221222145000,89800,1,89800,89800,89800
516,20221222144953,89800,1,89800,89800,89800
517,20221222144947,89900,3,89900,89900,89900
518,20221222144946,89800,1,89800,89800,89800
519,20221222144937,89900,2,89900,89900,89900
520,20221222144935,89900,3,89900,89900,89900
521,20221222144925,89900,3,89900,89900,89900
522,20221222144925,89900,1,89900,89900,89900
523,20221222144922,89800,1,89800,89800,89800
524,20221222144919,89900,20,89900,89900,89900
525,20221222144918,89800,5,89800,89800,89800
526,20221222144913,89800,4,89800,89800,89800
527,20221222144913,89800,4,89800,89800,89800
528,20221222144911,89900,3,89900,89900,89900
529,20221222144909,89900,1,89900,89900,89900
530,20221222144909,89900,5,89900,89900,89900
531,20221222144908,89800,1,89800,89800,89800
532,20221222144905,89900,1,89900,89900,89900
533,20221222144858,89900,3,89900,89900,89900
534,20221222144856,89800,3,89800,89800,89800
535,20221222144849,89900,1,89900,89900,89900
536,20221222144849,89900,1,89900,89900,89900
537,20221222144847,89900,3,89900,89900,89900
538,20221222144847,89900,1,89900,89900,89900
539,20221222144843,89800,1,89800,89800,89800
540,20221222144834,89900,3,89900,89900,89900
541,20221222144822,89900,3,89900,89900,89900
542,20221222144821,89900,2,89900,89900,89900
543,20221222144814,89900,10,89900,89900,89900
544,20221222144811,89900,3,89900,89900,89900
545,20221222144808,89800,1,89800,89800,89800
546,20221222144804,89800,1,89800,89800,89800
547,20221222144756,89900,21,89900,89900,89900
548,20221222144753,89900,8,89900,89900,89900
549,20221222144753,89900,8,89900,89900,89900
550,20221222144753,89900,8,89900,89900,89900
551,20221222144748,89800,3,89800,89800,89800
552,20221222144740,89900,4,89900,89900,89900
553,20221222144726,89800,1,89800,89800,89800
554,20221222144716,89900,3,89900,89900,89900
555,20221222144647,89800,1,89800,89800,89800
556,20221222144640,89800,3,89800,89800,89800
557,20221222144638,89900,1,89900,89900,89900
558,20221222144636,89800,100,89800,89800,89800
559,20221222144634,89800,4,89800,89800,89800
560,20221222144633,89800,21,89800,89800,89800
561,20221222144629,89800,4,89800,89800,89800
562,20221222144627,89800,4,89800,89800,89800
563,20221222144625,89800,10,89800,89800,89800
564,20221222144619,89800,1,89800,89800,89800
565,20221222144613,89800,5,89800,89800,89800
566,20221222144609,89700,1,89700,89700,89700
567,20221222144559,89800,1,89800,89800,89800
568,20221222144554,89800,4,89800,89800,89800
569,20221222144554,89700,5,89700,89700,89700
570,20221222144547,89700,5,89700,89700,89700
571,20221222144547,89700,5,89700,89700,89700
572,20221222144538,89800,4,89800,89800,89800
573,20221222144532,89700,3,89700,89700,89700
574,20221222144530,89700,1,89700,89700,89700
575,20221222144523,89800,4,89800,89800,89800
576,20221222144518,89800,1,89800,89800,89800
577,20221222144518,89800,1,89800,89800,89800
578,20221222144510,89800,21,89800,89800,89800
579,20221222144507,89800,1,89800,89800,89800
580,20221222144507,89800,8,89800,89800,89800
581,20221222144506,89800,4,89800,89800,89800
582,20221222144452,89700,1,89700,89700,89700
583,20221222144451,89800,4,89800,89800,89800
584,20221222144450,89800,4,89800,89800,89800
585,20221222144450,89800,1,89800,89800,89800
586,20221222144439,89700,1,89700,89700,89700
587,20221222144437,89800,6,89800,89800,89800
588,20221222144436,89800,4,89800,89800,89800
589,20221222144435,89800,11,89800,89800,89800
590,20221222144432,89800,10,89800,89800,89800
591,20221222144428,89800,4,89800,89800,89800
592,20221222144424,89700,3,89700,89700,89700
593,20221222144421,89800,1,89800,89800,89800
594,20221222144420,89800,9,89800,89800,89800
595,20221222144413,89700,1,89700,89700,89700
596,20221222144411,89800,95,89800,89800,89800
597,20221222144411,89800,4,89800,89800,89800
598,20221222144409,89800,1,89800,89800,89800
599,20221222144408,89800,1,89800,89800,89800
600,20221222144407,89800,1,89800,89800,89800
601,20221222144403,89800,8,89800,89800,89800
602,20221222144403,89800,8,89800,89800,89800
603,20221222144403,89800,9,89800,89800,89800
604,20221222144403,89800,9,89800,89800,89800
605,20221222144359,89800,7,89800,89800,89800
606,20221222144358,89700,1,89700,89700,89700
607,20221222144357,89800,4,89800,89800,89800
608,20221222144347,89800,20,89800,89800,89800
609,20221222144345,89800,4,89800,89800,89800
610,20221222144345,89800,2,89800,89800,89800
611,20221222144340,89800,4,89800,89800,89800
612,20221222144334,89800,3,89800,89800,89800
613,20221222144334,89800,26,89800,89800,89800
614,20221222144334,89700,1,89700,89700,89700
615,20221222144315,89700,3,89700,89700,89700
616,20221222144256,89700,1,89700,89700,89700
617,20221222144249,89700,13,89700,89700,89700
618,20221222144249,89700,500,89700,89700,89700
619,20221222144247,89700,1,89700,89700,89700
620,20221222144243,89700,4,89700,89700,89700
621,20221222144242,89600,5,89600,89600,89600
622,20221222144230,89600,4,89600,89600,89600
623,20221222144227,89700,4,89700,89700,89700
624,20221222144224,89700,21,89700,89700,89700
625,20221222144221,89600,5,89600,89600,89600
626,20221222144221,89600,5,89600,89600,89600
627,20221222144217,89600,1,89600,89600,89600
628,20221222144211,89700,4,89700,89700,89700
629,20221222144207,89600,3,89600,89600,89600
630,20221222144200,89700,4,89700,89700,89700
631,20221222144151,89700,5,89700,89700,89700
632,20221222144147,89700,1,89700,89700,89700
633,20221222144146,89700,1,89700,89700,89700
634,20221222144139,89600,1,89600,89600,89600
635,20221222144135,89700,1,89700,89700,89700
636,20221222144132,89700,5,89700,89700,89700
637,20221222144111,89700,5,89700,89700,89700
638,20221222144103,89700,4,89700,89700,89700
639,20221222144101,89700,21,89700,89700,89700
640,20221222144100,89600,1,89600,89600,89600
641,20221222144059,89600,3,89600,89600,89600
642,20221222144051,89700,3,89700,89700,89700
643,20221222144039,89600,32,89600,89600,89600
644,20221222144037,89700,3,89700,89700,89700
645,20221222144025,89700,3,89700,89700,89700
646,20221222144022,89600,1,89600,89600,89600
647,20221222144021,89700,1,89700,89700,89700
648,20221222144014,89700,1,89700,89700,89700
649,20221222144013,89700,3,89700,89700,89700
650,20221222144002,89700,3,89700,89700,89700
651,20221222143959,89600,12,89600,89600,89600
652,20221222143955,89700,1,89700,89700,89700
653,20221222143952,89700,3,89700,89700,89700
654,20221222143951,89600,3,89600,89600,89600
655,20221222143950,89700,3,89700,89700,89700
656,20221222143944,89700,11,89700,89700,89700
657,20221222143943,89600,1,89600,89600,89600
658,20221222143938,89700,20,89700,89700,89700
659,20221222143936,89700,3,89700,89700,89700
660,20221222143933,89600,1,89600,89600,89600
661,20221222143929,89700,1,89700,89700,89700
662,20221222143927,89700,3,89700,89700,89700
663,20221222143913,89700,3,89700,89700,89700
664,20221222143905,89600,5,89600,89600,89600
665,20221222143905,89600,1,89600,89600,89600
666,20221222143904,89700,1,89700,89700,89700
667,20221222143903,89700,3,89700,89700,89700
668,20221222143855,89600,4,89600,89600,89600
669,20221222143855,89600,5,89600,89600,89600
670,20221222143852,89700,1,89700,89700,89700
671,20221222143848,89700,3,89700,89700,89700
672,20221222143843,89600,3,89600,89600,89600
673,20221222143838,89700,3,89700,89700,89700
674,20221222143833,89700,1,89700,89700,89700
675,20221222143826,89600,1,89600,89600,89600
676,20221222143823,89700,3,89700,89700,89700
677,20221222143821,89700,5,89700,89700,89700
678,20221222143815,89700,1,89700,89700,89700
679,20221222143815,89700,21,89700,89700,89700
680,20221222143815,89700,1,89700,89700,89700
681,20221222143810,89700,3,89700,89700,89700
682,20221222143758,89700,3,89700,89700,89700
683,20221222143747,89600,1,89600,89600,89600
684,20221222143746,89700,1,89700,89700,89700
685,20221222143746,89700,3,89700,89700,89700
686,20221222143741,89600,1,89600,89600,89600
687,20221222143735,89700,3,89700,89700,89700
688,20221222143734,89600,3,89600,89600,89600
689,20221222143722,89700,3,89700,89700,89700
690,20221222143713,89700,1,89700,89700,89700
691,20221222143709,89600,1,89600,89600,89600
692,20221222143655,89700,1,89700,89700,89700
693,20221222143652,89700,21,89700,89700,89700
694,20221222143650,89600,5,89600,89600,89600
695,20221222143639,89600,6,89600,89600,89600
696,20221222143633,89700,1,89700,89700,89700
697,20221222143632,89600,300,89600,89600,89600
698,20221222143630,89600,1,89600,89600,89600
699,20221222143626,89600,3,89600,89600,89600
700,20221222143625,89600,3,89600,89600,89600
701,20221222143624,89700,2,89700,89700,89700
702,20221222143621,89700,1,89700,89700,89700
703,20221222143620,89700,5,89700,89700,89700
704,20221222143619,89700,3,89700,89700,89700
705,20221222143610,89700,3,89700,89700,89700
706,20221222143603,89700,3,89700,89700,89700
707,20221222143559,89700,1,89700,89700,89700
708,20221222143552,89600,1,89600,89600,89600
709,20221222143549,89700,3,89700,89700,89700
710,20221222143539,89700,4,89700,89700,89700
711,20221222143539,89700,1,89700,89700,89700
712,20221222143538,89700,1,89700,89700,89700
713,20221222143535,89700,3,89700,89700,89700
714,20221222143530,89700,7,89700,89700,89700
715,20221222143529,89700,21,89700,89700,89700
716,20221222143529,89600,5,89600,89600,89600
717,20221222143529,89600,4,89600,89600,89600
718,20221222143524,89700,3,89700,89700,89700
719,20221222143518,89700,9,89700,89700,89700
720,20221222143518,89600,3,89600,89600,89600
721,20221222143513,89700,8,89700,89700,89700
722,20221222143513,89700,9,89700,89700,89700
723,20221222143513,89700,8,89700,89700,89700
724,20221222143513,89700,8,89700,89700,89700
725,20221222143513,89700,8,89700,89700,89700
726,20221222143513,89600,1,89600,89600,89600
727,20221222143512,89700,3,89700,89700,89700
728,20221222143507,89700,1,89700,89700,89700
729,20221222143505,89700,11,89700,89700,89700
730,20221222143459,89700,3,89700,89700,89700
731,20221222143453,89600,16,89600,89600,89600
732,20221222143450,89700,1,89700,89700,89700
733,20221222143447,89700,3,89700,89700,89700
734,20221222143444,89700,1,89700,89700,89700
735,20221222143444,89700,1,89700,89700,89700
736,20221222143436,89700,3,89700,89700,89700
737,20221222143435,89600,1,89600,89600,89600
738,20221222143427,89600,1,89600,89600,89600
739,20221222143426,89700,3,89700,89700,89700
740,20221222143413,89600,1,89600,89600,89600
741,20221222143412,89700,3,89700,89700,89700
742,20221222143412,89600,2,89600,89600,89600
743,20221222143410,89600,3,89600,89600,89600
744,20221222143406,89700,20,89700,89700,89700
745,20221222143402,89700,1,89700,89700,89700
746,20221222143401,89700,3,89700,89700,89700
747,20221222143356,89600,1,89600,89600,89600
748,20221222143355,89700,1,89700,89700,89700
749,20221222143344,89700,3,89700,89700,89700
750,20221222143344,89600,1,89600,89600,89600
751,20221222143334,89700,3,89700,89700,89700
752,20221222143330,89700,4,89700,89700,89700
753,20221222143330,89700,4,89700,89700,89700
754,20221222143327,89700,2,89700,89700,89700
755,20221222143318,89700,3,89700,89700,89700
756,20221222143317,89600,1,89600,89600,89600
757,20221222143307,89700,3,89700,89700,89700
758,20221222143302,89600,4,89600,89600,89600
759,20221222143257,89700,3,89700,89700,89700
760,20221222143257,89700,4,89700,89700,89700
761,20221222143246,89700,3,89700,89700,89700
762,20221222143243,89700,21,89700,89700,89700
763,20221222143239,89600,1,89600,89600,89600
764,20221222143234,89700,3,89700,89700,89700
765,20221222143228,89700,3,89700,89700,89700
766,20221222143223,89700,3,89700,89700,89700
767,20221222143221,89700,1,89700,89700,89700
768,20221222143207,89700,3,89700,89700,89700
769,20221222143203,89600,5,89600,89600,89600
770,20221222143203,89600,5,89600,89600,89600
771,20221222143200,89600,1,89600,89600,89600
772,20221222143154,89700,3,89700,89700,89700
773,20221222143153,89600,3,89600,89600,89600
774,20221222143143,89700,3,89700,89700,89700
775,20221222143135,89600,3,89600,89600,89600
776,20221222143131,89700,1,89700,89700,89700
777,20221222143130,89700,3,89700,89700,89700
778,20221222143124,89700,1,89700,89700,89700
779,20221222143122,89600,1,89600,89600,89600
780,20221222143121,89700,3,89700,89700,89700
781,20221222143120,89700,21,89700,89700,89700
782,20221222143115,89700,10,89700,89700,89700
783,20221222143113,89700,1,89700,89700,89700
784,20221222143113,89700,1,89700,89700,89700
785,20221222143106,89700,11,89700,89700,89700
786,20221222143106,89700,1,89700,89700,89700
787,20221222143106,89700,3,89700,89700,89700
788,20221222143102,89700,1,89700,89700,89700
789,20221222143053,89700,3,89700,89700,89700
790,20221222143045,89600,3,89600,89600,89600
791,20221222143043,89600,2,89600,89600,89600
792,20221222143043,89600,1,89600,89600,89600
793,20221222143040,89700,5,89700,89700,89700
794,20221222143038,89700,4,89700,89700,89700
795,20221222143031,89700,2,89700,89700,89700
796,20221222143027,89700,3,89700,89700,89700
797,20221222143015,89700,4,89700,89700,89700
798,20221222143011,89700,1,89700,89700,89700
799,20221222143009,89700,3,89700,89700,89700
800,20221222143005,89600,1,89600,89600,89600
801,20221222143005,89600,1,89600,89600,89600
802,20221222142957,89700,3,89700,89700,89700
803,20221222142957,89700,20,89700,89700,89700
804,20221222142947,89700,3,89700,89700,89700
805,20221222142945,89600,5,89600,89600,89600
806,20221222142945,89600,5,89600,89600,89600
807,20221222142937,89600,3,89600,89600,89600
808,20221222142935,89700,3,89700,89700,89700
809,20221222142930,89600,5,89600,89600,89600
810,20221222142930,89600,2,89600,89600,89600
811,20221222142930,89600,6,89600,89600,89600
812,20221222142926,89600,1,89600,89600,89600
813,20221222142924,89700,3,89700,89700,89700
814,20221222142921,89600,1,89600,89600,89600
815,20221222142909,89700,4,89700,89700,89700
816,20221222142900,89700,1,89700,89700,89700
817,20221222142859,89600,80,89600,89600,89600
818,20221222142854,89700,3,89700,89700,89700
819,20221222142853,89600,5,89600,89600,89600
820,20221222142848,89600,1,89600,89600,89600
821,20221222142846,89700,3,89700,89700,89700
822,20221222142844,89700,3,89700,89700,89700
823,20221222142842,89700,1,89700,89700,89700
824,20221222142839,89600,4,89600,89600,89600
825,20221222142839,89600,4,89600,89600,89600
826,20221222142839,89600,5,89600,89600,89600
827,20221222142839,89600,5,89600,89600,89600
828,20221222142837,89600,4,89600,89600,89600
829,20221222142837,89600,5,89600,89600,89600
830,20221222142836,89600,1,89600,89600,89600
831,20221222142834,89700,21,89700,89700,89700
832,20221222142834,89700,3,89700,89700,89700
833,20221222142829,89600,3,89600,89600,89600
834,20221222142820,89700,1,89700,89700,89700
835,20221222142818,89700,3,89700,89700,89700
836,20221222142809,89600,1,89600,89600,89600
837,20221222142805,89700,3,89700,89700,89700
838,20221222142754,89700,3,89700,89700,89700
839,20221222142750,89700,4,89700,89700,89700
840,20221222142741,89700,1,89700,89700,89700
841,20221222142741,89600,1,89600,89600,89600
842,20221222142741,89700,3,89700,89700,89700
843,20221222142741,89700,1,89700,89700,89700
844,20221222142735,89700,2,89700,89700,89700
845,20221222142733,89700,4,89700,89700,89700
846,20221222142730,89700,3,89700,89700,89700
847,20221222142730,89600,1,89600,89600,89600
848,20221222142725,89700,1,89700,89700,89700
849,20221222142720,89700,1,89700,89700,89700
850,20221222142720,89600,3,89600,89600,89600
851,20221222142714,89700,3,89700,89700,89700
852,20221222142711,89700,21,89700,89700,89700
853,20221222142704,89700,3,89700,89700,89700
854,20221222142700,89700,8,89700,89700,89700
855,20221222142658,89600,5,89600,89600,89600
856,20221222142658,89600,5,89600,89600,89600
857,20221222142652,89600,1,89600,89600,89600
858,20221222142650,89700,4,89700,89700,89700
859,20221222142647,89600,1,89600,89600,89600
860,20221222142633,89700,4,89700,89700,89700
861,20221222142628,89700,1,89700,89700,89700
862,20221222142627,89700,1,89700,89700,89700
863,20221222142617,89700,4,89700,89700,89700
864,20221222142613,89700,1,89700,89700,89700
865,20221222142613,89600,1,89600,89600,89600
866,20221222142612,89600,3,89600,89600,89600
867,20221222142559,89700,4,89700,89700,89700
868,20221222142553,89700,1,89700,89700,89700
869,20221222142552,89600,1,89600,89600,89600
870,20221222142550,89700,1,89700,89700,89700
871,20221222142548,89700,21,89700,89700,89700
872,20221222142539,89700,4,89700,89700,89700
873,20221222142535,89600,1,89600,89600,89600
874,20221222142532,89700,1,89700,89700,89700
875,20221222142529,89600,5,89600,89600,89600
876,20221222142517,89600,5,89600,89600,89600
877,20221222142517,89600,5,89600,89600,89600
878,20221222142511,89600,5,89600,89600,89600
879,20221222142511,89600,4,89600,89600,89600
880,20221222142510,89700,8,89700,89700,89700
881,20221222142506,89600,4,89600,89600,89600
882,20221222142504,89700,3,89700,89700,89700
883,20221222142504,89600,3,89600,89600,89600
884,20221222142502,89700,1,89700,89700,89700
885,20221222142459,89600,1,89600,89600,89600
886,20221222142458,89600,1,89600,89600,89600
887,20221222142458,89600,44,89600,89600,89600
888,20221222142458,89600,44,89600,89600,89600
889,20221222142458,89600,30,89600,89600,89600
890,20221222142458,89600,44,89600,89600,89600
891,20221222142458,89600,44,89600,89600,89600
892,20221222142458,89600,21,89600,89600,89600
893,20221222142458,89600,21,89600,89600,89600
894,20221222142458,89600,22,89600,89600,89600
895,20221222142458,89600,44,89600,89600,89600
896,20221222142458,89600,22,89600,89600,89600
897,20221222142458,89600,4,89600,89600,89600
898,20221222142456,89500,1,89500,89500,89500
899,20221222142451,89600,5,89600,89600,89600
